title,price,itemLink,image,desc,skuCode
Golden Court Shoes WN7323,"5,000",https://stylo.pk//products/golden-court-shoes-wn7323,//stylo.pk/cdn/shop/products/WN732315_3.jpg?v=1697536152,Golden Court Shoes WN7323.,WN7323-15-36
Mustard Court Shoes WN7320,"3,800",https://stylo.pk//products/mustard-court-shoes-wn7320,//stylo.pk/cdn/shop/products/WN732006_3.jpg?v=1697536145,Mustard Court Shoes WN7320.,WN7320-06-36
Black Court Shoes WN7311,"4,000",https://stylo.pk//products/black-court-shoes-wn7311,//stylo.pk/cdn/shop/products/WN731101_3.jpg?v=1697536137,Black Court Shoes WN7311.,WN7311-01-36
Blue Court Shoes WN7302,"4,000",https://stylo.pk//products/blue-court-shoes-wn7302,//stylo.pk/cdn/shop/products/WN730212_3.jpg?v=1697536130,Blue Court Shoes WN7302.,WN7302-12-36
Black Court Shoes WN7299,"3,300",https://stylo.pk//products/black-court-shoes-wn7299,//stylo.pk/cdn/shop/products/WN729901_3.jpg?v=1697535859,Black Court Shoes WN7299.,WN7299-01-36
Mustard Court Shoes WN7326,"3,800",https://stylo.pk//products/mustard-court-shoes-wn7326,//stylo.pk/cdn/shop/products/WN732606_3.jpg?v=1697435597,Mustard Court Shoes WN7326.,WN7326-06-36
Maroon Court Shoes WN7325,"3,800",https://stylo.pk//products/maroon-court-shoes-wn7325,//stylo.pk/cdn/shop/products/WN732505_3.jpg?v=1697435590,Maroon Court Shoes WN7325.,WN7325-05-36
Black Court Shoes WN7325,"3,800",https://stylo.pk//products/black-court-shoes-wn7325,//stylo.pk/cdn/shop/products/WN732501_3.jpg?v=1697435583,Black Court Shoes WN7325.,WN7325-01-36
Brown Court Shoes WN7308,"4,000",https://stylo.pk//products/brown-court-shoes-wn7308,//stylo.pk/cdn/shop/products/WN730802_3.jpg?v=1697435575,Brown Court Shoes WN7308.,WN7308-02-36
Peach Court Shoes WN7307,"4,000",https://stylo.pk//products/peach-court-shoes-wn7307,//stylo.pk/cdn/shop/products/WN730723_3.jpg?v=1697435567,Peach Court Shoes WN7307.,WN7307-23-36
Black Court Shoes WN7307,"4,000",https://stylo.pk//products/black-court-shoes-wn7307,//stylo.pk/cdn/shop/products/WN730701_3.jpg?v=1697435559,Black Court Shoes WN7307.,WN7307-01-36
Black Court Shoes WN0848,"3,500",https://stylo.pk//products/black-court-shoes-wn0848,//stylo.pk/cdn/shop/products/WN084801_3.jpg?v=1697437041,Black Court Shoes WN0848.,WN0848-01-36
Pink Court Shoes WN7319,"4,000",https://stylo.pk//products/pink-court-shoes-wn7319,//stylo.pk/cdn/shop/products/WN731918_3.jpg?v=1696941910,Pink Court Shoes WN7319.,WN7319-18-36
Brown Court Shoes WN7302,"4,000",https://stylo.pk//products/brown-court-shoes-wn7302,//stylo.pk/cdn/shop/products/WN730202_3.jpg?v=1696941901,Brown Court Shoes WN7302.,WN7302-02-36
Beige Court Shoes WN7299,"3,300",https://stylo.pk//products/beige-court-shoes-wn7299,//stylo.pk/cdn/shop/products/WN729962_3.jpg?v=1696941893,Beige Court Shoes WN7299.,WN7299-62-36
Mustard Court Shoes WN7327,"3,800",https://stylo.pk//products/mustard-court-shoes-wn7327,//stylo.pk/cdn/shop/products/WN732706_3.jpg?v=1696595032,Elevate your style with these classic court shoes for a timeless and elegant look.,WN7327-06-36
Black Court Shoes WN7327,"3,800",https://stylo.pk//products/black-court-shoes-wn7327,//stylo.pk/cdn/shop/products/WN732701_3.jpg?v=1696595025,Elevate your style with these classic court shoes for a timeless and elegant look.,WN7327-01-36
Beige Court Shoes WN7310,"4,000",https://stylo.pk//products/beige-court-shoes-wn7310,//stylo.pk/cdn/shop/products/WN731062_2.jpg?v=1696595018,Elevate your style with these classic court shoes for a timeless and elegant look.,WN7310-62-36
Black Court Shoes WN7310,"4,000",https://stylo.pk//products/black-court-shoes-wn7310,//stylo.pk/cdn/shop/products/WN731001_3.jpg?v=1696595011,Elevate your style with these classic court shoes for a timeless and elegant look.,WN7310-01-36
Maroon Court Shoes WN7308,"4,000",https://stylo.pk//products/maroon-court-shoes-wn7308,//stylo.pk/cdn/shop/products/WN730805_3.jpg?v=1696595003,Elevate your style with these classic court shoes for a timeless and elegant look.,WN7308-05-36
Black Court Shoes WN7303,"3,800",https://stylo.pk//products/black-court-shoes-wn7303,//stylo.pk/cdn/shop/products/WN730301_3.jpg?v=1696594996,Elevate your style with these classic court shoes for a timeless and elegant look.,WN7303-01-36
Maroon Court Shoes WN7282,"3,500",https://stylo.pk//products/maroon-court-shoes-wn7282,//stylo.pk/cdn/shop/products/WN728205_3.jpg?v=1695905072,"Step confidently into any occasion with our classic and versatile court shoes, the epitome of timeless elegance and sophistication.",WN7282-05-36
Black Court Shoes WN7282,"3,500",https://stylo.pk//products/black-court-shoes-wn7282,//stylo.pk/cdn/shop/products/WN728201_3.jpg?v=1695905063,"Step confidently into any occasion with our classic and versatile court shoes, the epitome of timeless elegance and sophistication.",WN7282-01-36
Rust Court Shoes WN7303,"3,800",https://stylo.pk//products/rust-court-shoes-wn7303,//stylo.pk/cdn/shop/products/WN730321_3.jpg?v=1695723953,Rust Court Shoes WN7303.,WN7303-21-36
Beige Court Shoes WN7290,"4,000",https://stylo.pk//products/beige-court-shoes-wn7290,//stylo.pk/cdn/shop/products/WN729062_3.jpg?v=1695723946,Beige Court Shoes WN7290.,WN7290-62-36
Golden Court Shoes WN7288,"4,000",https://stylo.pk//products/golden-court-shoes-wn7288,//stylo.pk/cdn/shop/products/WN728815_3.jpg?v=1695723938,Golden Court Shoes WN7288.,WN7288-15-36
Black Court Shoes WN5286,"3,300",https://stylo.pk//products/black-court-shoes-wn5286,//stylo.pk/cdn/shop/products/WN528601_3.jpg?v=1694677463,"Step confidently into any occasion with our classic and versatile court shoes, the epitome of timeless elegance.",WN5286-01-36
Black Court Shoes WN7295,"3,500",https://stylo.pk//products/black-court-shoes-wn7295,//stylo.pk/cdn/shop/products/WN729501_3.jpg?v=1694062075,Sleek and stylish court shoes for a touch of sophistication.,WN7295-01-36
Pink Court Shoes WN7295,"3,500",https://stylo.pk//products/pink-court-shoes-wn7295,//stylo.pk/cdn/shop/products/WN729518_3.jpg?v=1693571946,Elevate your style with our court shoes � the epitome of classic elegance and sophistication for any formal occasion.,WN7295-18-36
Beige Court Shoes WN5286,"3,300",https://stylo.pk//products/beige-court-shoes-wn5286,//stylo.pk/cdn/shop/products/WN528662_3.jpg?v=1693571938,Elevate your style with our court shoes � the epitome of classic elegance and sophistication for any formal occasion.,WN5286-62-36
Black Court Shoes WN7319,"4,000",https://stylo.pk//products/black-court-shoes-wn7319,//stylo.pk/cdn/shop/products/WN731901_3_6dbbbeef-a31a-42b2-89ac-ff28f3c6ff0d.jpg?v=1693398835,Elevate your style with our court shoes � the epitome of classic elegance and sophistication for any formal occasion.,WN7319-01-36
Black Court Shoes WN7298,"3,300",https://stylo.pk//products/black-court-shoes-wn7298,//stylo.pk/cdn/shop/products/WN729801_3_b9712fba-ba25-4a4c-b347-9f4a30a16754.jpg?v=1693398830,Elevate your style with our court shoes � the epitome of classic elegance and sophistication for any formal occasion.,WN7298-01-36
Golden Court Shoes WN7321,"4,200",https://stylo.pk//products/golden-court-shoes-wn7321,//stylo.pk/cdn/shop/products/WN732115_3.jpg?v=1692968028,"Step into timeless elegance with our court shoes, perfect for formal occasions and classic style statements.",WN7321-15-36
Brown Court Shoes WN7305,"4,000",https://stylo.pk//products/brown-court-shoes-wn7305,//stylo.pk/cdn/shop/products/WN730502_3.jpg?v=1692968021,"Step into timeless elegance with our court shoes, perfect for formal occasions and classic style statements.",WN7305-02-36
Black Court Shoes WN7305,"4,000",https://stylo.pk//products/black-court-shoes-wn7305,//stylo.pk/cdn/shop/products/WN730501_3.jpg?v=1692968014,"Step into timeless elegance with our court shoes, perfect for formal occasions and classic style statements.",WN7305-01-36
Grey Court Shoes WN7304,"4,000",https://stylo.pk//products/grey-court-shoes-wn7304,//stylo.pk/cdn/shop/products/WN730407_3.jpg?v=1692968008,"Step into timeless elegance with our court shoes, perfect for formal occasions and classic style statements.",WN7304-07-36
Silver Court Shoes WN7321,"4,200",https://stylo.pk//products/silver-court-shoes-wn7321,//stylo.pk/cdn/shop/products/WN732116_4_f1f5cbe1-21db-49be-be05-284c0a4c1a39.jpg?v=1693209489,Elevate your style with our court shoes � the epitome of classic elegance and sophistication for any formal occasion.,WN7321-16-36
Black Court Shoes WN7317,"4,500",https://stylo.pk//products/black-court-shoes-wn7317,//stylo.pk/cdn/shop/products/WN731701_3_27280e2c-96c3-4452-a1c5-5ebdba918ff6.jpg?v=1693209484,Elevate your style with our court shoes � the epitome of classic elegance and sophistication for any formal occasion.,WN7317-01-36
Golden Court Shoes WN7328,"4,200",https://stylo.pk//products/golden-court-shoes-wn7328,//stylo.pk/cdn/shop/products/WN732815_3.jpg?v=1692356658,"Experience timeless sophistication with our court shoes, blending classic style and modern comfort.",WN7328-15-36
Golden Court Shoes WN7322,"4,500",https://stylo.pk//products/golden-court-shoes-wn7322,//stylo.pk/cdn/shop/products/WN732215_3.jpg?v=1692178439,"Elevate your elegance with our sophisticated court shoes, blending style and comfort seamlessly.",WN7322-15-36
Maroon Court Shoes WN7298,"3,300",https://stylo.pk//products/maroon-court-shoes-wn7298,//stylo.pk/cdn/shop/products/WN729805_3.jpg?v=1692178432,"Elevate your elegance with our sophisticated court shoes, blending style and comfort seamlessly.",WN7298-05-36
Golden Court Shoes WN7324,"4,200",https://stylo.pk//products/golden-court-shoes-wn7324,//stylo.pk/cdn/shop/products/WN732415_3.jpg?v=1691393284,"Elevate your stride with our timeless court shoes, fusing comfort and sophistication seamlessly.",WN7324-15-36
Golden Court Shoes WN7279,"3,500",https://stylo.pk//products/golden-court-shoes-wn7279,//stylo.pk/cdn/shop/products/WN727915_3_eceb144e-2558-4f1a-a0dc-8c52c2e448f6.jpg?v=1691059971,"Shine with glamour in our exquisite golden court shoes, perfect for adding a luxurious touch to your ensemble.",WN7279-15-36
Peach Court Shoes WN7315,"4,200",https://stylo.pk//products/peach-court-shoes-wn7315,//stylo.pk/cdn/shop/products/WN731523_3.jpg?v=1690980324,"Elevate your look with our elegant peach court shoes, combining sophistication and comfort in every step.",WN7315-23-36
Golden Court Shoes WN7337,"3,500",https://stylo.pk//products/golden-court-shoes-wn7337,//stylo.pk/cdn/shop/products/WN733715_3.jpg?v=1690870373,"Radiate elegance and glamour with our Golden Court Shoes, a stunning and sophisticated choice that adds a touch of luxury to your formal attire.",WN7337-15-36
Silver Court Shoes WN7284,"3,000",https://stylo.pk//products/silver-winter-court-shoes-wn7284,//stylo.pk/cdn/shop/products/WN728416_3.jpg?v=1687350689,"Elevate your style with our Court Shoes, the perfect blend of classic elegance and modern sophistication for any formal event.",WN7284-16-36
Golden Court Shoes WN7284,"3,000",https://stylo.pk//products/golden-winter-court-shoes-wn7284,//stylo.pk/cdn/shop/products/WN728415_3.jpg?v=1687350683,"Elevate your style with our Court Shoes, the perfect blend of classic elegance and modern sophistication for any formal event.",WN7284-15-36
Golden Court Shoes WN7260,"3,000",https://stylo.pk//products/golden-winter-court-shoes-wn7260,//stylo.pk/cdn/shop/products/WN726015_3.jpg?v=1684328501,"Gleaming golden court shoes, combine style and warmth for a glamorous and cozy footwear option during the colder months.",WN7260-15-36
Golden Court Shoes WN7270,"4,000",https://stylo.pk//products/golden-winter-court-shoes-wn7270,//stylo.pk/cdn/shop/products/WN727015_3.jpg?v=1677738549,Elegant and cozy footwear designed to make a statement during the colder season.,WN7270-15-36
Pink Court Shoes WN7260,"3,000",https://stylo.pk//products/pink-winter-court-shoes-wn7260,//stylo.pk/cdn/shop/products/WN726018_3.jpg?v=1677738542,Elegant and cozy footwear designed to make a statement during the colder season.,WN7260-18-36